1,11112222,10,JSON FILE GOES HERE
2,12123434,15,JSON FILE GOES HERE
3,55446688,3,JSON FILE GOES HERE
4,44226945,12,JSON FILE GOES HERE
5,21435465,48,JSON FILE GOES HERE
6,32654354,19,JSON FILE GOES HERE
7,35421544,12,JSON FILE GOES HERE
8,12121454,23,JSON FILE GOES HERE
9,15478782,54,JSON FILE GOES HERE
10,11112222,21,JSON FILE GOES HERE
11,12123434,43,JSON FILE GOES HERE
12,55446688,65,JSON FILE GOES HERE
13,44226945,87,JSON FILE GOES HERE
14,21435465,231,JSON FILE GOES HERE
15,32654354,12,JSON FILE GOES HERE
16,35421544,1,JSON FILE GOES HERE
17,12121454,12,JSON FILE GOES HERE
18,15478782,45,JSON FILE GOES HERE
19,11112222,487,JSON FILE GOES HERE
20,12123434,231,JSON FILE GOES HERE
21,55446688,12,JSON FILE GOES HERE
22,44226945,3,JSON FILE GOES HERE
23,21435465,2,JSON FILE GOES HERE
24,32654354,45,JSON FILE GOES HERE
1,35421544,1,JSON FILE GOES HERE
2,12121454,2,JSON FILE GOES HERE
3,15478782,3,JSON FILE GOES HERE
4,11112222,66,JSON FILE GOES HERE
5,12123434,5,JSON FILE GOES HERE
6,55446688,4,JSON FILE GOES HERE
7,44226945,5,JSON FILE GOES HERE
8,21435465,2,JSON FILE GOES HERE
9,32654354,5,JSON FILE GOES HERE
10,35421544,8,JSON FILE GOES HERE
11,12121454,21,JSON FILE GOES HERE
12,15478782,3,JSON FILE GOES HERE
13,11112222,56,JSON FILE GOES HERE
14,12123434,254,JSON FILE GOES HERE
15,55446688,23,JSON FILE GOES HERE
16,44226945,54,JSON FILE GOES HERE
17,21435465,2,JSON FILE GOES HERE
18,32654354,65,JSON FILE GOES HERE
19,35421544,2,JSON FILE GOES HERE
20,12121454,5,JSON FILE GOES HERE
21,15478782,4,JSON FILE GOES HERE
22,11112222,2,JSON FILE GOES HERE
23,12123434,5,JSON FILE GOES HERE
24,55446688,21,JSON FILE GOES HERE
1,44226945,4,JSON FILE GOES HERE
2,21435465,52,JSON FILE GOES HERE
3,32654354,10,JSON FILE GOES HERE
4,35421544,15,JSON FILE GOES HERE
5,12121454,3,JSON FILE GOES HERE
6,15478782,12,JSON FILE GOES HERE
7,11112222,48,JSON FILE GOES HERE
8,12123434,19,JSON FILE GOES HERE
9,55446688,12,JSON FILE GOES HERE
10,44226945,23,JSON FILE GOES HERE
11,21435465,54,JSON FILE GOES HERE
12,32654354,21,JSON FILE GOES HERE
13,35421544,43,JSON FILE GOES HERE
14,12121454,65,JSON FILE GOES HERE
15,15478782,87,JSON FILE GOES HERE
16,11112222,231,JSON FILE GOES HERE
17,12123434,12,JSON FILE GOES HERE
18,55446688,1,JSON FILE GOES HERE
19,44226945,12,JSON FILE GOES HERE
20,21435465,45,JSON FILE GOES HERE
21,32654354,487,JSON FILE GOES HERE
22,35421544,231,JSON FILE GOES HERE
23,12121454,12,JSON FILE GOES HERE
24,15478782,3,JSON FILE GOES HERE
